,predictions,actual,difference
3710,3043811.604550041,2582000,461811.6045500408
4767,10752025.85056769,11500000,747974.1494323108
3588,20279308.402509976,16200000,4079308.402509976
5129,14264541.970959969,19500000,5235458.029040031
5522,10512101.808306558,8200000,2312101.808306558
5351,4390523.04976244,3900000,490523.0497624399
4230,7220075.786777984,7745999,525923.2132220156
2349,16253668.018167395,16500000,246331.98183260486
4705,29243829.89013415,26700000,2543829.8901341483
2657,14252438.140641857,17000000,2747561.859358143
1253,35177275.854676336,43700000,8522724.145323664
4711,5113990.697282184,5500000,386009.3027178161
2754,22522719.286155604,16000000,6522719.286155604
3495,16660568.423741132,20200000,3539431.576258868
1794,20850152.26890881,27500000,6649847.73109119
3234,28205847.222222224,24000000,4205847.222222224
5668,8028563.12317457,7600000,428563.12317456957
5463,7499739.84336468,7500000,260.1566353198141
5361,24779511.806775734,25000000,220488.19322426617
2362,7983619.346987392,7700000,283619.3469873918
6170,10659816.552683717,8000000,2659816.5526837166
6337,10505933.745488696,10800000,294066.2545113042
3475,25495319.156756718,25000000,495319.1567567177
169,5086992.635152621,4500000,586992.6351526212
1961,3526243.6430965,3700000,173756.35690349992
386,7422008.390624836,6900000,522008.3906248361
1660,20724681.36727353,14500000,6224681.367273532
6306,20231880.343385093,9400000,10831880.343385093
311,5664185.774592767,4500000,1164185.7745927665
5478,27772449.277227353,27300000,472449.2772273533
2640,13315132.599720817,11000000,2315132.599720817
1131,40131666.049475096,22000000,18131666.049475096
4413,3084396.3402694413,3100000,15603.65973055875
4278,9741834.909985483,7500000,2241834.9099854827
4659,4204649.041173572,3750000,454649.0411735717
1159,57368733.89554038,37000000,20368733.89554038
5429,31153333.333333332,27500000,3653333.333333332
1351,9600464.987861153,12900000,3299535.0121388473
4681,2475873.299651645,2700000,224126.70034835488
200,22982008.16228609,18100000,4882008.162286092
1573,5848954.939699725,10500000,4651045.060300275
4889,8076390.323613145,7500000,576390.3236131454
4091,4377078.256069565,4000000,377078.2560695652
1753,9318402.639861532,11100000,1781597.3601384684
2328,3975822.4022991066,2300000,1675822.4022991066
2106,15046902.685929207,12900000,2146902.685929207
2181,48002025.77590573,32500000,15502025.775905728
1620,40228583.316203706,62500000,22271416.683796294
147,5383877.199569518,4500000,883877.1995695177
555,12160157.988968529,10500000,1660157.9889685288
5637,9158733.014872415,8200000,958733.014872415
3486,4860105.526724411,4200000,660105.5267244112
2854,13827566.297721343,16100000,2272433.702278657
2355,8426764.184964035,8413000,13764.184964034706
4210,10510516.86861873,10700000,189483.13138126954
2971,52550833.333333336,54200000,1649166.6666666642
2461,48355025.628401056,60000000,11644974.371598944
3172,11408494.449895568,15000000,3591505.550104432
1070,5127209.199930515,3000000,2127209.199930515
5770,9805189.831346858,9800000,5189.831346858293
4204,9129104.256474186,9300000,170895.74352581427
3268,5129152.093303936,5800000,670847.9066960644
6329,9608137.191899775,13000000,3391862.8081002254
1881,5070514.696856174,5300000,229485.3031438263
1850,10332147.494958019,9958000,374147.4949580189
4686,2316617.6448897407,2950000,633382.3551102593
5015,12711069.955307173,10500000,2211069.9553071726
2812,5261900.800011918,6900000,1638099.199988082
580,19010284.89169406,21000000,1989715.1083059385
608,26493409.875221483,29000000,2506590.1247785166
4308,2528152.0352313668,2600000,71847.96476863325
6075,10573810.140116097,14600000,4026189.8598839026
3228,13091132.546704013,15400000,2308867.453295987
5048,30493512.086048327,32000000,1506487.9139516726
3338,9032166.244089125,8500000,532166.2440891247
1817,7860027.130467581,6800000,1060027.1304675806
308,12027274.882945418,9200000,2827274.8829454184
250,26680825.836324487,30500000,3819174.163675513
2708,3275164.1562614418,3300000,24835.843738558237
3866,10930645.034526864,18000000,7069354.965473136
2442,11132099.444453703,6900000,4232099.444453703
314,19375480.990162455,16800000,2575480.9901624545
3768,4355188.610389846,4400000,44811.38961015362
4076,15279636.582844753,10100000,5179636.582844753
299,11168510.187464638,11000000,168510.18746463768
5146,5845712.2823584555,2600000,3245712.2823584555
2313,5114821.555783922,4500000,614821.5557839219
4241,10953129.276469994,8500000,2453129.2764699943
2270,34645833.333333336,23000000,11645833.333333336
1399,4354386.606830591,4700000,345613.39316940866
6257,10261375.634588802,8700000,1561375.6345888022
1748,9742593.482474953,9200000,542593.4824749529
4128,15257774.73567001,15500000,242225.26432999037
5856,11323017.637237625,15500000,4176982.362762375
4862,7165721.346607536,8668000,1502278.653392464
3044,9538706.553833453,9900000,361293.446166547
3732,17721220.6499381,14900000,2821220.649938099
2712,8938224.220305914,7500000,1438224.220305914
2784,2514964.9663183116,2400000,114964.96631831164
2241,7829244.36718193,8500000,670755.6328180702
1825,13993948.365570555,35000000,21006051.634429447
4443,4228035.386159318,4067000,161035.38615931757
1933,11956790.627096225,59400000,47443209.37290378
3491,12054946.811065251,15400000,3345053.188934749
28,7555074.275812153,9500000,1944925.7241878472
3900,14408981.64172437,14500000,91018.35827562958
2943,4680108.5719403075,4150000,530108.5719403075
3896,10527576.248352896,8600000,1927576.2483528964
6315,7506113.075265426,8400000,893886.9247345738
712,13629859.085046368,13300000,329859.0850463677
1023,8384763.871278743,6000000,2384763.8712787433
4186,15149920.423372112,7600000,7549920.423372112
3568,12681083.377167469,11100000,1581083.377167469
6346,2629918.90814872,2750000,120081.09185128007
4417,10338586.443304867,11000000,661413.5566951334
3833,4029848.098268213,4000000,29848.098268213216
2257,16459659.687056031,18500000,2040340.312943969
5828,5585947.231217387,6500000,914052.7687826129
5222,4959419.241732891,4400000,559419.2417328907
1098,9601982.320024157,10200000,598017.679975843
5549,12824245.77052328,21000000,8175754.22947672
1041,30864396.667488735,33000000,2135603.332511265
1882,17907855.74117229,23000000,5092144.258827709
5449,5889871.839128552,5700000,189871.839128552
5236,19603663.24245875,20000000,396336.75754125044
968,19401699.48800524,28400000,8998300.51199476
4950,3694539.891466916,3735000,40460.10853308393
5375,8010797.7595367115,6800000,1210797.7595367115
3444,14742846.091288557,13600000,1142846.0912885573
6096,55989166.65,46000000,9989166.649999999
5560,3241165.9740337613,2804000,437165.9740337613
544,11888857.542934366,12500000,611142.4570656344
219,20405256.63665595,21600000,1194743.363344051
3077,17265348.399903916,14500000,2765348.399903916
2237,24110500.909818746,27000000,2889499.090181254
276,21385905.258342408,21800000,414094.74165759236
5867,14448235.634102818,16500000,2051764.3658971824
4250,16705087.757955223,21000000,4294912.242044777
3467,10307585.551162262,8500000,1807585.5511622615
1951,4643577.217219645,2840000,1803577.2172196452
2229,15022854.550049454,15500000,477145.449950546
714,9489445.914082302,8500000,989445.9140823018
4766,4404628.064066442,3800000,604628.0640664417
161,5383877.199569518,4500000,883877.1995695177
4777,23856681.566979464,23300000,556681.5669794641
141,6549225.96148297,6000000,549225.96148297
1687,122191666.65,420000000,297808333.35
5573,4614523.077962445,5200000,585476.9220375549
3616,5971622.641346027,3000000,2971622.641346027
2479,8249399.720261853,7500000,749399.7202618532
4100,10875832.708333334,11200000,324167.29166666605
2968,24142053.75271499,25200000,1057946.2472850084
3529,7407852.1389624085,6900000,507852.1389624085
2311,60592361.11064815,41900000,18692361.110648148
6220,4745239.753238224,3900000,845239.7532382244
2379,4212431.388000957,3700000,512431.38800095674
554,4756873.267228361,5300000,543126.7327716388
1650,82040555.49722223,35500000,46540555.49722223
1999,11464980.781311993,7500000,3964980.7813119926
407,12088102.576631097,12100000,11897.423368902877
2048,6289512.311751717,7000000,710487.6882482832
5093,6974084.269126157,7400000,425915.7308738427
383,4104863.8914373084,3000000,1104863.8914373084
2874,23723864.528098013,27500000,3776135.4719019867
645,24141912.2179271,20000000,4141912.2179270983
5305,3345697.5819049566,2850000,495697.5819049566
3493,16362347.838423671,21500000,5137652.161576329
3003,13491391.211626567,11000000,2491391.211626567
6005,17385398.08555196,16000000,1385398.0855519585
961,9594284.228445416,28000000,18405715.77155458
5822,5559377.188494657,4170000,1389377.1884946572
2167,19634814.095080517,23900000,4265185.904919483
6037,5878755.819793553,6200000,321244.1802064469
3339,9920206.09643801,10500000,579793.9035619907
2429,81014027.77777778,42000000,39014027.777777776
6156,9801671.760765184,10000000,198328.23923481628
4286,8652108.048871769,7500000,1152108.0488717686
1893,11066413.399431013,7998000,3068413.3994310126
5579,15096092.179323753,14600000,496092.17932375334
2954,9995832.9247335,9000000,995832.9247335009
895,18666863.24252291,12000000,6666863.24252291
2608,20076217.539018705,20000000,76217.53901870549
3178,11639853.50845175,14000000,2360146.4915482495
2578,8481799.891820781,9800000,1318200.108179219
2617,7624547.037356769,7600000,24547.037356768735
119,5196733.482280436,4900000,296733.482280436
4881,24413600.31502802,23200000,1213600.3150280192
1731,6931236.87592842,8500000,1568763.1240715804
4223,8405129.886661658,8053000,352129.88666165806
4589,3336399.4146294394,4100000,763600.5853705606
3204,10994228.12534787,16500000,5505771.8746521305
4953,4002671.527171553,3892000,110671.52717155311
3153,6125584.998350806,4600000,1525584.9983508056
5919,3728508.792498082,2800000,928508.7924980819
3701,5624350.0162763735,4600000,1024350.0162763735
1736,16806333.1784531,7200000,9606333.178453099
2414,16993024.914949335,26500000,9506975.085050665
5875,3798954.3164742864,2100000,1698954.3164742864
5274,6897851.761688338,7929000,1031148.2383116623
115,18196601.173975956,16600000,1596601.1739759557
301,11695434.877304384,7000000,4695434.8773043845
4305,2836037.2877468835,2950000,113962.71225311654
3085,6983384.943206932,9500000,2516615.0567930676
420,17019203.735470183,22000000,4980796.264529817
4621,12107695.91218568,16600000,4492304.08781432
2304,39358888.88888889,26500000,12858888.888888888
4295,6681734.900605712,4390000,2291734.900605712
1009,9786576.431559423,5900000,3886576.431559423
2336,7624547.037356769,7150000,474547.03735676873
4530,6696068.9347911,4950000,1746068.9347911002
4896,20685240.465255722,29900000,9214759.534744278
3625,42658777.45850913,24000000,18658777.458509132
4146,9025299.440023415,9200000,174700.5599765852
3005,16741807.575533336,17500000,758192.424466664
5328,6315918.109825704,6300000,15918.109825704247
4141,2645111.592580954,2950000,304888.4074190459
573,4683717.025543759,3874000,809717.0255437586
1540,26425603.54991516,35000000,8574396.450084839
758,5338818.86352284,4800000,538818.8635228397
45,5586515.404883479,5500000,86515.40488347877
5477,11088530.548998322,12800000,1711469.4510016777
1877,13602740.026343694,12400000,1202740.026343694
3589,9800126.017660467,9100000,700126.017660467
3043,9492189.887166787,9500000,7810.112833213061
3317,10307585.551162262,8600000,1707585.5511622615
5395,12597619.047619047,8500000,4097619.0476190466
5681,5687103.801394682,5600000,87103.80139468238
3935,9796138.76311973,9199000,597138.7631197292
4291,7995288.920491499,4200000,3795288.920491499
538,26651555.555555563,29000000,2348444.4444444366
3501,8521444.056051135,8200000,321444.05605113506
3371,16640974.242200004,14500000,2140974.242200004
5000,20329612.339973196,17500000,2829612.3399731964
5564,13818529.226054901,15600000,1781470.7739450987
2800,11554899.95939361,11000000,554899.9593936093
6243,8381680.248927677,8200000,181680.24892767705
1749,5383700.080521898,5200000,183700.08052189834
234,33624374.990555555,26000000,7624374.990555555
1549,9168496.546931418,11000000,1831503.4530685823
4294,3335524.0256186198,3200000,135524.02561861975
3100,4611704.384771254,4100000,511704.3847712539
4385,7787011.506222429,8527000,739988.4937775712
1988,12015008.420622027,12800000,784991.5793779735
2146,11518536.234479647,8200000,3318536.234479647
1256,20979006.305427056,37000000,16020993.694572944
2685,24541615.204154678,31000000,6458384.795845322
1409,8005198.398761722,8500000,494801.60123827774
3770,9960486.111111114,13000000,3039513.888888886
3757,6554434.644221437,6500000,54434.644221437164
5502,9999725.146911528,7000000,2999725.146911528
5987,10615359.133638214,9200000,1415359.1336382143
116,14468241.32580383,14000000,468241.32580382936
2804,12087286.081365515,11500000,587286.0813655145
2605,17563974.475904483,15500000,2063974.4759044833
2060,14765152.930402935,27799999,13034846.069597065
3740,8725381.292217216,7000000,1725381.2922172155
2711,5781525.35721477,3951000,1830525.3572147703
1447,11888857.542934366,10000000,1888857.5429343656
2901,10008620.02661254,9800000,208620.0266125407
3868,8725381.292217216,7050000,1675381.2922172155
1550,16384019.681552004,15000000,1384019.681552004
2929,4479445.677361564,4000000,479445.6773615638
3669,11344388.117705068,5500000,5844388.117705068
6182,13924267.630440945,14000000,75732.3695590552
1993,12214838.086193113,13200000,985161.9138068873
3603,19388188.37562275,14500000,4888188.375622749
4646,2308873.289208872,2350000,41126.71079112822
5031,16262697.779413423,16800000,537302.2205865774
1953,4402560.329118199,3500000,902560.3291181987
1060,5125522.32935002,2670000,2455522.32935002
5999,4942573.159713745,5600000,657426.8402862549
4436,4680108.5719403075,6000000,1319891.4280596925
3336,22582580.307502817,21000000,1582580.3075028174
188,67296557.895913,45000000,22296557.895913005
3243,8816867.628965085,8100000,716867.6289650854
1132,11670353.203748357,10000000,1670353.2037483566
4090,31193055.555555556,17000000,14193055.555555556
2255,4804340.093905982,6700000,1895659.9060940184
5635,28430595.639528576,27799999,630596.6395285763
5324,4692714.1555476,4400000,292714.15554760024
4525,3116816.6156526045,2600000,516816.6156526045
4268,6128290.822089949,4200000,1928290.8220899487
255,5826138.531056434,9000000,3173861.468943566
4252,17112695.436507937,16299999,812696.4365079366
4451,8570277.048847776,9618000,1047722.9511522241
1745,9694065.600747881,9500000,194065.60074788146
3448,9169439.765196728,6998999,2170440.7651967276
5475,4444276.380771193,4300000,144276.38077119272
2659,54549447.143662386,51000000,3549447.1436623856
2692,37182462.63653484,35000000,2182462.63653484
3909,34554061.54003446,46000000,11445938.459965542
3792,5320623.064462536,5000000,320623.064462536
354,30188881.414613195,45000000,14811118.585386805
1227,6141100.126171901,6000000,141100.1261719009
2116,15846887.96487843,19000000,3153112.0351215694
1497,5186238.356711676,3300000,1886238.3567116763
3803,18491687.515722513,14000000,4491687.515722513
1213,44488036.08611111,42500000,1988036.0861111134
503,9125780.2142249,4000000,5125780.214224899
4304,2459851.8710802165,2150000,309851.8710802165
2575,3934718.874050902,3000000,934718.8740509022
4493,8182298.753464121,11500000,3317701.2465358786
552,5864594.3649065625,3000000,2864594.3649065625
724,19053461.19736072,26500000,7446538.8026392795
623,5486453.330965158,10900000,5413546.669034842
730,6239796.447948159,5500000,739796.4479481587
4461,5908546.993796522,5500000,408546.9937965218
5018,7622238.386483246,4850000,2772238.3864832465
2746,8849746.226069368,8500000,349746.2260693684
5050,11738961.541961579,13000000,1261038.4580384213
2652,61237166.6,78700000,17462833.4
4954,3648645.3886891385,3420000,228645.38868913846
6208,15910992.423366059,19000000,3089007.5766339414
1544,31204477.428737823,28600000,2604477.428737823
4107,20186840.874928396,19200000,986840.8749283962
2093,5776373.993321939,4300000,1476373.9933219394
1897,11036638.83231149,7494000,3542638.8323114906
2064,5241073.522892103,4400000,841073.5228921026
3126,19181875.0,20900000,1718125.0
4845,7064515.246218804,8500000,1435484.7537811957
5863,6977975.195790501,3200000,3777975.1957905013
1937,3323940.5723836645,2350000,973940.5723836645
5303,16262697.779413423,16800000,537302.2205865774
4937,35865833.333333336,47500000,11634166.666666664
4570,9921404.766495714,8000000,1921404.766495714
5445,8365660.395176204,8000000,365660.3951762039
5779,16459659.687056031,15000000,1459659.687056031
634,5201612.711629044,2700000,2501612.7116290443
5757,2575422.3889109124,2400000,175422.38891091244
103,5344053.851527285,4200000,1144053.8515272848
5183,15845500.899635078,17500000,1654499.1003649216
3840,6107039.391346027,3424000,2683039.391346027
4444,3033527.9829868367,3087000,53472.017013163306
3176,21356864.822673444,25000000,3643135.1773265563
99,5344053.851527285,5500000,155946.14847271517
6126,5227433.796807068,4800000,427433.7968070684
5261,9264460.80781705,12000000,2735539.1921829507
2950,9829289.3509938,8700000,1129289.350993801
179,18850719.08965128,13000000,5850719.089651279
4747,4876867.181818415,4700000,176867.1818184154
5795,16683889.463821644,18500000,1816110.536178356
1768,9477204.265004294,8000000,1477204.265004294
5191,15845500.899635078,17000000,1154499.1003649216
3794,9859575.560451727,10000000,140424.43954827264
2684,10687933.865019016,13500000,2812066.134980984
1899,11337671.0892194,9300000,2037671.0892194007
6036,62610835.791919194,120000000,57389164.208080806
4429,4680108.5719403075,5300000,619891.4280596925
2847,4680108.5719403075,4550000,130108.5719403075
6122,21376194.2570892,23500000,2123805.7429107986
654,11801274.236276919,3500000,8301274.236276919
6268,8125082.755044808,8500000,374917.2449551923
1518,11377879.43260196,8800000,2577879.4326019604
5238,14727196.969318183,11000000,3727196.969318183
6280,5142745.381960052,4400000,742745.3819600521
4431,5186582.516034419,3536000,1650582.5160344187
4215,9352256.433539364,10400000,1047743.5664606355
3426,6864751.990784276,2300000,4564751.990784276
1144,23386579.191942148,19000000,4386579.191942148
4410,2796635.309292294,2178000,618635.3092922941
3684,11263676.053527262,11100000,163676.05352726206
1720,5652635.025048546,3850000,1802635.0250485456
125,16791726.88361833,15000000,1791726.8836183287
2718,6897851.761688338,5699000,1198851.7616883377
5109,17430510.461760465,18000000,569489.538239535
1163,9741809.882885516,12700000,2958190.1171144843
4841,17176362.86481609,18500000,1323637.1351839118
3652,19856935.629235048,16200000,3656935.629235048
6252,30847883.476572964,26000000,4847883.476572964
1299,8515553.374765169,6500000,2015553.3747651689
79,6524759.294816303,6000000,524759.2948163031
4117,24347386.3730394,21000000,3347386.3730393983
3275,44085833.325,35700000,8385833.325000003
1373,21020837.235114913,28000000,6979162.764885087
5741,2443265.7599691055,2500000,56734.24003089452
4785,28581051.74348659,31300000,2718948.2565134093
2851,4680108.5719403075,4140999,539109.5719403075
2951,7419582.08255766,10800000,3380417.9174423404
1307,2556923.022305232,2500000,56923.02230523201
2420,13924267.630440945,13799999,124268.6304409448
2000,5590308.010577685,5800000,209691.9894223148
214,30701596.35070881,33500000,2798403.6492911913
941,13657639.61980475,11100000,2557639.6198047493
1078,12336403.064915646,13500000,1163596.9350843541
6069,4932412.21811791,6800000,1867587.7818820896
1317,30368995.43927058,31000000,631004.5607294217
3321,8983143.704117151,9000000,16856.295882849023
3211,12840756.643851038,15500000,2659243.356148962
1637,11069280.23287156,9000000,2069280.2328715604
1734,96774166.65833333,119900000,23125833.34166667
4012,3294951.838628351,3200000,94951.83862835122
4383,5649477.257238251,6186000,536522.7427617488
1513,21541377.249132752,24000000,2458622.7508672476
2726,6897851.761688338,5599000,1298851.7616883377
1685,3905959.7141045253,2600000,1305959.7141045253
2723,19596666.666666668,21000000,1403333.333333332
3014,38493437.49999999,42500000,4006562.5000000075
6204,3593690.322616669,2520000,1073690.322616669
5097,4925842.870088945,4500000,425842.87008894514
5942,5415294.590418782,4275000,1140294.590418782
1718,5825420.013366384,4500000,1325420.0133663844
368,7769097.317630808,6400000,1369097.3176308079
955,5825840.456603327,5500000,325840.45660332683
820,11916934.373848548,11500000,416934.37384854816
3939,15540511.050338248,22000000,6459488.949661752
3076,5422133.822290193,6400000,977866.1777098067
4786,39653640.804597706,38800000,853640.8045977056
4906,4349689.327351184,3300000,1049689.3273511836
197,16644599.916813249,17000000,355400.08318675123
6028,9080016.363372603,12000000,2919983.6366273966
3657,3050653.2712167073,2684000,366653.2712167073
4423,8215268.686291589,9500000,1284731.3137084106
2625,11808395.820515128,10000000,1808395.8205151279
1584,99053333.31666666,120000000,20946666.683333337
1034,12291958.844595011,12500000,208041.15540498868
3232,24046198.369186856,23000000,1046198.3691868559
1404,18689003.125014804,20000000,1310996.8749851957
1304,3507191.2341414746,3200000,307191.2341414746
3872,11911307.08801002,11200000,711307.0880100206
68,6524759.294816303,6000000,524759.2948163031
39,5344053.851527285,6200000,855946.1484727152
6013,12146052.298298528,13000000,853947.7017014716
5970,14506777.34080267,10100000,4406777.3408026695
3599,13403195.028908279,14000000,596804.9710917212
984,17786688.776858788,16500000,1286688.776858788
929,24390962.72073155,18000000,6390962.720731549
1224,3055622.0072997794,2600000,455622.00729977945
927,5520644.78644879,7200000,1679355.2135512102
2965,78333333.33333333,82000000,3666666.6666666716
5164,23615823.928670708,22000000,1615823.928670708
4517,2969161.6098368303,2500000,469161.6098368303
3933,7579081.273494708,9800000,2220918.7265052916
3525,17563974.475904483,14800000,2763974.4759044833
1381,14498899.190611264,34000000,19501100.809388734
6083,8481799.891820781,9300000,818200.1081792191
1356,4360807.378476587,6000000,1639192.6215234129
4239,12907156.073277187,10900000,2007156.0732771866
3473,25495319.156756718,27000000,1504680.8432432823
1828,29628492.022820372,44000000,14371507.977179628
5179,11363615.485141847,13500000,2136384.5148581527
1038,16262697.779413423,15000000,1262697.7794134226
5815,3084396.3402694413,2650000,434396.34026944125
3522,29939175.356871538,25000000,4939175.356871538
1064,11588323.093825482,14000000,2411676.906174518
1079,14572036.957881441,21000000,6427963.042118559
1840,17835387.26452143,14800000,3035387.264521431
438,21313559.20276247,14000000,7313559.20276247
4154,5222092.729600218,6694000,1471907.2703997819
5061,32935000.0,37800000,4865000.0
5969,7812410.785031347,5299000,2513410.7850313466
5456,3316319.1731643346,2150000,1166319.1731643346
2084,12880309.523809524,12000000,880309.5238095243
1676,9865068.160523167,7700000,2165068.160523167
5132,8805571.918928161,8400000,405571.91892816126
4599,6313279.464607536,4500000,1813279.4646075359
1309,3236739.621778474,3000000,236739.6217784742
729,14822001.964871395,13500000,1322001.9648713954
787,30291422.698212467,23000000,7291422.698212467
5991,4913716.388167623,4000000,913716.3881676234
5846,8457282.2102332,9300000,842717.7897667997
3670,16298206.171757005,9900000,6398206.171757005
1117,17019203.735470183,13600000,3419203.735470183
4247,10524543.580345547,12700000,2175456.419654453
4232,7352330.294101217,6738000,614330.2941012168
4399,2828189.1606239243,2350000,478189.16062392434
3778,19596666.666666668,17500000,2096666.666666668
867,25821945.42734225,25500000,321945.42734225094
433,4045846.0919642225,2700000,1345846.0919642225
2621,8263180.472022055,8000000,263180.4720220547
1751,13339468.23102239,13000000,339468.2310223896
4496,2828189.1606239243,2300000,528189.1606239243
6222,4549232.101342899,4100000,449232.1013428988
3578,11868732.183990663,15500000,3631267.816009337
745,4691194.17138109,3200000,1491194.1713810898
2043,5344053.851527285,5000000,344053.85152728483
67,5586515.404883479,5300000,286515.40488347877
2698,13825892.810015,13000000,825892.8100150004
4471,5723821.069445042,4700000,1023821.0694450419
5260,9741010.983008094,14000000,4258989.016991906
1410,11464476.009007156,4000000,7464476.009007156
3584,6917746.5825282475,6200000,717746.5825282475
1165,33401715.91672451,32100000,1301715.9167245105
385,8283470.582848533,6700000,1583470.582848533
3060,7747997.022523412,9500000,1752002.9774765885
5599,22263390.877770074,18900000,3363390.8777700737
3210,13646034.29563549,16500000,2853965.7043645103
5214,11149083.866233205,8000000,3149083.8662332054
5033,20596293.021486584,26000000,5403706.978513416
1532,49194111.10230159,53000000,3805888.89769841
2707,4250934.806346045,2800000,1450934.8063460449
3743,5766470.805767158,6500000,733529.194232842
3329,18885188.628790744,19100000,214811.37120925635
4063,71855416.23333333,59600000,12255416.233333334
799,35733848.82630362,55000000,19266151.173696376
3851,33194861.10277778,40000000,6805138.897222221
4623,13568103.446784165,18100000,4531896.553215835
1865,5281863.908217041,4925000,356863.9082170408
1785,10917476.413608812,13500000,2582523.586391188
2997,16117035.20691442,16500000,382964.7930855807
21,9783638.76311973,9000000,783638.7631197292
2517,3393126.153333528,2900000,493126.15333352797
3163,5077880.338333199,3800000,1277880.3383331988
5190,11358159.760935498,9500000,1858159.7609354984
3730,2740918.2852657945,2174000,566918.2852657945
134,5344053.851527285,5400000,55946.14847271517
2903,11670353.203748357,11399999,270354.20374835655
2600,14461102.86382618,13300000,1161102.8638261799
793,20170554.683469,18500000,1670554.6834690012
2873,13977082.96438801,16500000,2522917.035611991
2054,10013177.02877202,9500000,513177.0287720207
136,5391086.345446591,5500000,108913.65455340873
248,38552777.777777776,30200000,8352777.777777776
1520,10903507.65273947,7300000,3603507.652739471
4109,32426955.39015803,29000000,3426955.390158031
5760,2376392.195191448,2156000,220392.1951914481
2233,12840756.643851038,18500000,5659243.356148962
5609,3766673.051416634,4500000,733326.9485833659
3251,11458497.130072555,9500000,1958497.1300725546
44,5611508.005780344,5500000,111508.0057803439
2159,17593222.870260593,13000000,4593222.870260593
4917,65879305.53055556,115000000,49120694.46944444
5799,3058799.9588820874,2799000,259799.95888208738
4930,5904469.496211946,5000000,904469.496211946
4716,29642178.738815844,22200000,7442178.738815844
3152,8083873.887239695,4700000,3383873.8872396946
784,5560025.894493413,5300000,260025.89449341316
3844,8521669.537567079,10500000,1978330.462432921
5766,10121521.552810254,14500000,4378478.447189746
1233,3895911.714148033,2300000,1595911.714148033
3632,3957877.7021262767,2500000,1457877.7021262767
4487,9696602.474748863,11000000,1303397.525251137
1271,11496136.790101351,12500000,1003863.2098986488
2227,17796506.697695244,19000000,1203493.302304756
1791,11985452.916115295,7800000,4185452.916115295
285,10736730.794236133,10500000,236730.79423613288
6155,10338586.443304867,9400000,938586.4433048666
1554,6137759.327652448,5994000,143759.32765244786
2589,11988870.278093351,13000000,1011129.721906649
4282,3167524.665780345,2600000,567524.665780345
5166,2594349.787746884,2000000,594349.7877468839
2105,5933766.827051257,2436000,3497766.827051257
5675,18055322.601918235,14500000,3555322.6019182354
5112,11367504.374030737,15000000,3632495.625969263
3378,20157803.955947764,24000000,3842196.044052236
5701,2872481.9714992195,2300000,572481.9714992195
2611,18610833.333333332,19600000,989166.6666666679
3658,12434402.184478449,9200000,3234402.1844784487
2090,13291343.392396275,11000000,2291343.392396275
1967,3031576.0093501215,2600000,431576.0093501215
2038,7515000.051680374,8000000,484999.94831962604
5805,8621184.88607624,8200000,421184.88607623987
1217,3972469.8395912037,3500000,472469.8395912037
5028,12884662.266677551,20000000,7115337.733322449
607,19328453.007807847,19000000,328453.0078078471
457,4528495.984928749,4300000,228495.98492874857
2819,10731294.442624606,4800000,5931294.442624606
1630,8960001.11737424,6800000,2160001.1173742395
4809,6166055.258548844,6050000,116055.25854884367
1139,23933694.897720177,25700000,1766305.1022798233
4756,10199462.689290315,11800000,1600537.310709685
4877,13791117.867254095,16500000,2708882.132745905
1169,12503742.178371262,12200000,303742.1783712618
5608,5117728.590305523,4500000,617728.590305523
2821,10858683.934157914,4500000,6358683.934157914
3505,7382530.804841176,5900000,1482530.8048411757
3583,9264460.80781705,8000000,1264460.8078170493
3432,7268965.60565663,7400000,131034.39434336964
674,6033867.512272109,5000000,1033867.5122721093
5322,12385770.502606442,18700000,6314229.497393558
3272,7836112.816659047,8600000,763887.1833409527
1766,5344053.851527285,5000000,344053.85152728483
2353,27729699.1953399,27000000,729699.1953398995
4,5035600.036465099,5000000,35600.03646509908
366,11687088.98987565,11500000,187088.98987565003
5402,10049126.484739624,11000000,950873.515260376
1232,3529932.2542176754,3700000,170067.74578232458
899,14307621.077213177,14000000,307621.07721317746
496,7407458.609461918,6800000,607458.6094619175
268,74631666.63333334,101400000,26768333.36666666
58,5487921.043585147,4500000,987921.0435851468
2385,14026480.595575843,23000000,8973519.404424157
126,14468241.32580383,14000000,468241.32580382936
5391,7747997.022523412,6800000,947997.0225234115
2745,19112999.398749396,19800000,687000.6012506038
4852,7604022.454703441,7600000,4022.4547034408897
5216,10398086.17809925,9200000,1198086.1780992504
444,6855129.448074162,3985000,2870129.448074162
3789,5748746.844519126,6022000,273253.1554808738
3865,5738467.935935944,5300000,438467.9359359443
3804,9509530.622279823,9500000,9530.622279822826
3938,19283146.675415695,23500000,4216853.324584305
5194,19856935.629235048,14000000,5856935.629235048
5606,13062835.22711623,12200000,862835.2271162309
440,20225106.441651355,26500000,6274893.5583486445
5180,32221954.012934364,28000000,4221954.012934364
2398,13221493.444483485,13500000,278506.5555165149
695,15931583.333333334,12500000,3431583.333333334
1028,20397526.178169984,21500000,1102473.8218300156
5108,10925730.64196938,11000000,74269.3580306191
4095,28494166.633333333,15200000,13294166.633333333
3285,12686069.955307173,9000000,3686069.9553071726
231,17916737.23419981,21100000,3183262.765800189
1963,5016896.404557792,4800000,216896.40455779154
718,28165556.870428387,31000000,2834443.129571613
4486,8669901.656902144,6000000,2669901.6569021437
6061,5052001.890587473,4371000,681001.8905874733
957,5729918.385514745,5600000,129918.38551474456
4497,11929018.05750346,8500000,3429018.05750346
2637,5749129.847626671,5500000,249129.8476266712
1579,3724202.511820292,3100000,624202.5118202921
2704,86125000.0,71500000,14625000.0
2344,10639580.052346434,8320000,2319580.0523464344
2156,9918627.596077388,5500000,4418627.596077388
3806,27386181.37208486,25500000,1886181.3720848598
3230,18888969.58194286,22000000,3111030.41805714
4531,7296885.469744478,7400000,103114.53025552165
5461,6450688.474188644,6500000,49311.52581135556
1596,10048126.125366969,40000000,29951873.87463303
2068,15957257.149006551,13500000,2457257.149006551
3771,14239297.954749443,19500000,5260702.045250557
4761,35017500.0,20000000,15017500.0
222,25309094.03565122,27900000,2590905.964348782
687,5250751.219258572,6000000,749248.780741428
545,7505493.125316558,6600000,905493.1253165584
5598,18992329.4216851,18800000,192329.4216850996
3828,27798252.649252985,30500000,2701747.3507470153
5298,6128422.407430226,2500000,3628422.407430226
233,17023730.8860969,16000000,1023730.8860968985
2905,7767469.188793254,7800000,32530.811206745915
3224,15169551.899507515,18000000,2830448.100492485
1160,17322749.308554817,19900000,2577250.691445183
1235,6169674.768196454,3720000,2449674.7681964543
2162,51944166.641666666,50100000,1844166.6416666657
4657,8608315.287577871,4700000,3908315.2875778712
3841,46209984.10198413,33400000,12809984.101984128
1837,123572916.61620371,45000000,78572916.61620371
1197,15741519.681552004,15000000,741519.6815520041
1147,3526464.3911081892,2200000,1326464.3911081892
4869,6740183.454319464,4500000,2240183.454319464
3427,6301460.216215753,2600000,3701460.216215753
5205,23581936.17911268,19000000,4581936.17911268
1230,5734062.040979892,3800000,1934062.040979892
3081,18491687.515722513,11500000,6991687.515722513
5583,7874841.14897094,8500000,625158.8510290598
2762,13345202.868265932,15000000,1654797.1317340676
642,20811645.999599237,26000000,5188354.000400763
3587,19388188.37562275,12200000,7188188.375622749
2932,10339962.811443998,7500000,2839962.8114439975
3220,13825892.810015,14500000,674107.1899849996
2098,7684021.886715676,7900000,215978.1132843243
1548,7178326.308160833,7100000,78326.30816083308
1515,8872370.637683919,9800000,927629.3623160813
5936,3969193.617647934,3500000,469193.6176479338
3735,33194861.10277778,42000000,8805138.89722222
4556,3116816.6156526045,2750000,366816.6156526045
3886,5631619.828652373,2000000,3631619.8286523726
1287,8925808.044043511,7900000,1025808.0440435112
644,13712249.685635196,16000000,2287750.314364804
4364,14678424.903412944,14000000,678424.9034129437
1991,57557474.714141406,27000000,30557474.714141406
1812,11599628.119649602,11500000,99628.1196496021
3331,18885188.628790744,19200000,314811.37120925635
2031,19188885.246894408,16000000,3188885.246894408
4966,4546392.520166978,4045000,501392.52016697824
3685,6103349.344040668,5577000,526349.3440406676
808,11477384.674146028,7500000,3977384.6741460282
4750,6671646.080142472,7800000,1128353.919857528
2886,27876682.475971553,24600000,3276682.4759715535
331,5540473.8478990095,6250000,709526.1521009905
3419,62247557.46293103,65000000,2752442.5370689705
1298,2873170.7314959723,2400000,473170.73149597226
2378,4382980.277056512,5200000,817019.7229434876
2140,89470000.0,120000000,30530000.0
6177,9496684.842922797,9200000,296684.8429227974
1946,7233565.898151558,5800000,1433565.898151558
1790,51617542.689719625,39400000,12217542.689719625
416,14989654.755238095,16500000,1510345.2447619047
1379,7406849.730151038,5000000,2406849.7301510377
343,17064695.79854521,21500000,4435304.201454788
5263,9137655.295455119,8900000,237655.29545511864
1686,12160157.988968529,18000000,5839842.011031471
997,10927858.986220948,10500000,427858.9862209484
2889,3478511.653678477,2150000,1328511.6536784768
4400,2611482.811417575,2100000,511482.811417575
5920,8519501.009948937,7150000,1369501.0099489372
1954,6864634.208687332,7100000,235365.79131266754
5819,11242189.552512145,17000000,5757810.447487855
4781,22998914.000807427,22100000,898914.0008074269
3646,10698339.161624683,8400000,2298339.161624683
1414,17616343.795093797,16200000,1416343.7950937971
3001,23566149.914949335,18200000,5366149.914949335
101,5086992.635152621,5000000,86992.6351526212
4760,87180833.33333333,72300000,14880833.333333328
1793,9366647.701957561,16000000,6633352.298042439
2520,3419751.153333528,2900000,519751.15333352797
5929,9829289.3509938,11000000,1170710.649006199
473,5501040.37442708,5200000,301040.37442708015
1657,60048333.3,25000000,35048333.3
5781,3341142.314818828,4300000,958857.6851811721
4528,5738467.935935944,4500000,1238467.9359359443
6341,7983619.346987392,7000000,983619.3469873918
1321,13208427.041746076,20500000,7291572.958253924
4425,5511033.597571329,5000000,511033.5975713292
1537,7634866.576005242,7500000,134866.57600524183
6138,9429888.888888888,9500000,70111.11111111194
3079,5426053.376538926,5200000,226053.3765389258
2196,3934461.0627588555,3300000,634461.0627588555
4808,8554343.17358626,8500000,54343.17358626053
1764,5196733.482280436,4600000,596733.482280436
2752,13576879.901681669,14200000,623120.098318331
5219,9083415.143953621,3700000,5383415.143953621
4796,26866585.982586317,28300000,1433414.0174136832
4909,4353578.216240073,3400000,953578.2162400726
5099,9829289.3509938,9600000,229289.3509938009
1683,5677313.61722349,6500000,822686.38277651
1875,9707384.386559023,9300000,407384.3865590226
6056,5973207.586904762,3988000,1985207.5869047623
3353,65667500.0,45500000,20167500.0
4332,3279782.578457117,2900000,379782.5784571171
1385,7146086.94731066,5200000,1946086.94731066
6226,15563263.760711025,19000000,3436736.2392889746
669,7038213.045208131,6800000,238213.04520813096
2606,11729229.153848462,9709000,2020229.1538484618
3027,8216451.429595626,9500000,1283548.570404374
1784,8835842.23451518,3500000,5335842.234515181
6123,5882399.194609909,4260000,1622399.1946099093
5078,15752263.20840386,15000000,752263.2084038593
2748,6735169.721721003,8500000,1764830.2782789972
2023,20476636.31203361,19000000,1476636.3120336086
4708,7407082.08255766,7909999,502916.9174423404
2402,9987030.792681532,11000000,1012969.207318468
1947,3881592.9220647537,4580000,698407.0779352463
4036,40744845.29797839,35000000,5744845.297978386
611,16974368.447954044,20500000,3525631.5520459563
5955,3592302.729425522,2929000,663302.729425522
4228,3737539.354729315,5300000,1562460.6452706852
1907,4591442.145552832,8400000,3808557.8544471683
1528,3286960.031995453,2900000,386960.03199545294
6236,16197034.930597175,14800000,1397034.930597175
5100,9829289.3509938,9600000,229289.3509938009
2567,4530348.4094419805,4000000,530348.4094419805
181,9406382.184023703,11000000,1593617.8159762975
1242,13742334.064249195,14000000,257665.93575080484
2039,6463474.436863561,4300000,2163474.436863561
1178,10350912.584816666,9500000,850912.5848166663
2075,5307803.4029264925,5200000,107803.4029264925
1796,11762843.866091887,21500000,9737156.133908113
5446,8441174.164417671,9300000,858825.835582329
6007,13532216.22790351,12000000,1532216.2279035095
5698,2851514.8464102536,2265000,586514.8464102536
3754,10414738.532855706,13100000,2685261.4671442937
871,14851682.399703091,13000000,1851682.399703091
705,9744405.049042633,11600000,1855594.9509573672
4234,5871804.826478041,3300000,2571804.826478041
3871,4522471.43720883,3800000,722471.4372088304
5816,6283465.60553422,6600000,316534.3944657799
5939,5278406.019029291,4500000,778406.0190292913
5282,5368018.280061291,4556000,812018.2800612906
1508,16805534.49175878,4500000,12305534.491758779
2584,17256864.20066362,16500000,756864.2006636187
1783,14392531.172231892,16500000,2107468.827768108
5163,5813273.046870245,6500000,686726.9531297553
5570,9080016.363372603,8500000,580016.3633726034
1758,12458228.582905674,10000000,2458228.5829056744
217,17667335.22588638,13500000,4167335.2258863784
727,5222098.24966096,6100000,877901.7503390396
2169,32275833.333333332,25000000,7275833.333333332
5389,3914202.7445929283,2836000,1078202.7445929283
4312,2384486.5127908452,2700000,315513.48720915476
1155,5349873.738831559,2100000,3249873.738831559
3282,4226061.89246135,4300000,73938.10753864981
287,117414166.66666667,90000000,27414166.66666667
662,4528493.296409183,3800000,728493.2964091832
5404,38493437.49999999,42500000,4006562.5000000075
3071,10614861.293950288,10800000,185138.70604971237
4679,5003340.402739448,3900000,1103340.4027394475
4924,3352656.425925926,3151000,201656.42592592584
2538,48055150.56756047,57500000,9444849.432439528
2320,145509166.66666666,230000000,84490833.33333334
5147,14086222.142615775,20000000,5913777.857384225
2529,19064257.606433816,19000000,64257.606433816254
4731,24504199.077162802,16500000,8004199.077162802
5909,47182083.325,30000000,17182083.325000003
4387,9696602.474748863,12500000,2803397.525251137
767,49364847.97126516,75000000,25635152.02873484
1289,5177977.584707217,4400000,777977.5847072173
4455,3095908.870020519,2600000,495908.870020519
6091,4080196.1974494546,3400000,680196.1974494546
4833,3949822.497480159,4100000,150177.50251984084
259,4869069.486674918,2500000,2369069.486674918
4828,6088500.911497107,4200000,1888500.9114971068
1424,67329999.98333333,52500000,14829999.983333334
2772,4852034.581826382,4621000,231034.58182638232
1422,4355760.068117158,5400000,1044239.9318828424
492,3959385.1752204937,3000000,959385.1752204937
6152,11081479.928245386,8500000,2581479.928245386
5503,6704804.8168767905,4900000,1804804.8168767905
2651,9137655.295455119,8900000,237655.29545511864
4481,8938224.220305914,9000000,61775.77969408594
636,10174308.729352957,6400000,3774308.7293529566
6189,25400943.157561053,23000000,2400943.1575610526
81,5107320.571224459,4900000,207320.57122445945
33,9694065.600747881,8000000,1694065.6007478815
5493,47722500.0,47900000,177500.0
5186,20758014.994314414,20000000,758014.9943144135
3023,16509307.575533336,17700000,1190692.424466664
4723,60211071.42857143,60500000,288928.5714285672
72,14468241.32580383,15000000,531758.6741961706
4018,9912010.966601463,8200000,1712010.966601463
1050,21773504.285122413,24500000,2726495.714877587
5431,7680756.678229271,8500000,819243.3217707286
4466,5758960.052181411,5500000,258960.0521814106
2459,13936753.387786366,16500000,2563246.612213634
5422,8006611.569686683,9000000,993388.4303133171
1247,94935528.56570882,90000000,4935528.565708816
5289,30639952.16488048,27000000,3639952.1648804806
4197,5129152.093303936,6100000,970847.9066960644
5492,11511620.173463594,11500000,11620.173463594168
3987,10491152.487861153,15000000,4508847.512138847
2334,34105024.8390195,9500000,24605024.8390195
4687,2544024.027164873,2350000,194024.0271648732
4211,9921404.766495714,11000000,1078595.233504286
1681,9198847.061990408,7600000,1598847.0619904082
4697,27303641.62000631,30000000,2696358.3799936883
5410,7765095.567915139,6000000,1765095.5679151388
1652,5754086.17500379,6000000,245913.8249962097
4071,4799658.1188038,2075000,2724658.1188038
1729,18144969.281715937,20200000,2055030.718284063
6150,9784192.89381542,8600000,1184192.8938154206
5206,7545014.861431216,5300000,2245014.861431216
4566,6679979.147036526,5900000,779979.1470365264
5980,3955096.4316015467,4100000,144903.5683984533
4405,4680108.5719403075,4100000,580108.5719403075
313,19155932.553670175,16500000,2655932.5536701754
3655,2874259.9519324605,2210000,664259.9519324605
4049,16131684.269239618,16500000,368315.7307603825
3132,8034942.394994992,7400000,634942.3949949918
684,3120050.4872663263,2800000,320050.4872663263
5976,4243714.023504933,4099000,144714.02350493334
389,6471210.524511069,4950000,1521210.524511069
6266,8736709.739171794,9800000,1063290.2608282063
3489,20449469.50004657,21000000,550530.4999534301
4126,7092889.398615155,8000000,907110.6013848446
4991,3227035.1719616847,3200000,27035.17196168471
5751,2646429.0431771255,2440000,206429.0431771255
1483,8384998.775220935,6050000,2334998.7752209352
5499,9741291.14495012,7600000,2141291.14495012
1577,15425488.095238095,15500000,74511.90476190485
5712,3077264.846410253,2800000,277264.8464102531
5577,14954874.14927004,14200000,754874.1492700409
6258,24417093.02598412,28500000,4082906.9740158804
4273,7337729.602792817,9500000,2162270.397207183
1156,5747591.365615747,2116000,3631591.365615747
5248,16589456.315856384,25000000,8410543.684143616
1504,5641134.465388831,3000000,2641134.4653888308
3611,28678081.361703195,22500000,6178081.361703195
1642,5614726.263251529,4000000,1614726.263251529
6046,8428401.138665626,8800000,371598.8613343742
2635,15642476.202967772,16500000,857523.7970322277
3835,25962607.582818456,25400000,562607.582818456
4185,7604022.454703441,8198999,594976.5452965591
2896,6854948.827669421,3200000,3654948.827669421
3396,7515000.051680374,7000000,515000.05168037396
186,4229764.197066676,2018000,2211764.197066676
1377,11925120.390924511,14000000,2074879.6090754885
1921,9862818.942737682,9900000,37181.05726231821
5029,13198919.032228326,13200000,1080.967771673575
1743,13667736.31567322,14500000,832263.6843267791
2271,41097322.501709804,30000000,11097322.501709804
6247,4623165.881653275,4000000,623165.8816532753
1437,15938595.416510949,18500000,2561404.583489051
5290,11639853.50845175,10700000,939853.5084517505
5313,5761060.126510294,2850000,2911060.126510294
5123,8317039.963545836,8000000,317039.9635458356
4702,22432352.84577935,19900000,2532352.845779348
3551,9348615.31184872,4850000,4498615.311848721
5934,3969193.617647934,3300000,669193.6176479338
689,18269318.410443187,17500000,769318.4104431868
1662,21542423.80499412,18500000,3042423.804994121
2065,6289512.311751717,6500000,210487.68824828323
2318,8007310.815241361,7837000,170310.81524136104
4694,2704491.4041166236,2200000,504491.40411662357
3127,8106357.98781064,10000000,1893642.0121893603
2921,5747736.493235638,6200000,452263.50676436163
5016,12446069.955307173,10700000,1746069.9553071726
4068,32118446.359042145,30900000,1218446.3590421453
447,7295369.783502628,2650000,4645369.783502628
273,51944166.641666666,50100000,1844166.6416666657
1915,5250751.219258572,6000000,749248.780741428
2927,9930823.058156515,6000000,3930823.0581565145
2213,7112977.114831755,3999000,3113977.114831755
325,17734577.112136614,18500000,765422.8878633864
5388,7624547.037356769,7600000,24547.037356768735
685,8196547.950550548,8000000,196547.9505505478
605,21255047.601553306,23000000,1744952.398446694
4396,21045497.695382517,4300000,16745497.695382517
4327,7828494.989424517,5200000,2628494.9894245174
2032,13429402.863517782,10300000,3129402.8635177817
5747,2588583.6112234383,2150000,438583.6112234383
6082,55202499.74166667,39900000,15302499.741666667
2867,12845037.51766081,13899999,1054961.4823391903
3411,2704910.810861051,2500000,204910.81086105108
5879,11988870.278093351,11500000,488870.27809335105
1807,25603265.99039136,29000000,3396734.0096086413
359,4749050.106820276,2548000,2201050.106820276
1914,6051454.249830829,4250000,1801454.249830829
1122,24477500.0,30000000,5522500.0
486,4614298.55559638,3500000,1114298.5555963796
2441,7781855.893658637,8200000,418144.10634136293
3375,9477204.265004294,7500000,1977204.265004294
3500,9395116.059779821,8500000,895116.059779821
1534,37853000.0,42500000,4647000.0
1403,2467624.8208550033,2050000,417624.8208550033
574,10356373.656364687,8500000,1856373.6563646868
5002,9113171.109461917,10800000,1686828.8905380834
2878,8321029.213751426,7320000,1001029.213751426
2345,5506802.839784307,5160000,346802.8397843074
4227,10191630.239603978,10100000,91630.23960397765
2661,16219417.93421476,16000000,219417.93421475962
4169,17197620.686225977,14500000,2697620.686225977
756,8283470.582848533,7000000,1283470.582848533
4835,4017418.006411341,4200000,182581.99358865898
2285,36369174.891995475,57500000,21130825.108004525
5414,16274582.736933377,15100000,1174582.7369333766
501,7849597.452219465,6400000,1449597.4522194648
1776,5920194.350258721,7500000,1579805.649741279
6001,52637589.28571428,46500000,6137589.285714284
3696,5053093.21690071,4095000,958093.21690071
5851,14954874.14927004,14000000,954874.1492700409
5922,4790938.470672512,2600000,2190938.4706725124
3291,2544024.027164873,2250000,294024.0271648732
4249,11476356.422789909,12800000,1323643.577210091
82,13247091.22790351,13500000,252908.7720964905
5721,2286419.132984978,2350000,63580.86701502185
1684,5615592.586237635,5100000,515592.58623763546
3925,7229069.093790311,7500000,270930.90620968863
6128,5504024.078343142,7500000,1995975.9216568582
5488,16197034.930597175,14500000,1697034.930597175
2694,8897900.318411332,11500000,2602099.6815886684
196,16309907.13052406,22000000,5690092.86947594
5430,3767834.535963707,2700000,1067834.5359637071
4740,4402560.329118199,2000000,2402560.3291181987
3636,11426626.912078327,9100000,2326626.9120783266
4956,2786105.0114164115,2835000,48894.98858358851
4536,8560381.277281208,8500000,60381.277281207964
3571,23691165.903675556,43000000,19308834.096324444
2327,11323017.637237625,12500000,1176982.3627623748
5207,20534480.242981214,30000000,9465519.757018786
4712,4277909.38677624,4500000,222090.6132237604
4034,10345944.412816824,8000000,2345944.4128168244
3393,9185561.29602745,9500000,314438.7039725501
2868,26912224.216287095,31800000,4887775.783712905
2319,5129152.093303936,5250000,120847.9066960644
1394,5714589.153126886,4950000,764589.1531268861
1384,8782014.653540084,8800000,17985.34645991586
5054,18044758.58032582,21400000,3355241.4196741804
4539,5794736.453115458,4500000,1294736.4531154577
3417,12009325.771478856,8700000,3309325.771478856
2300,42000378.057265356,28000000,14000378.057265356
428,4204700.595605029,2900000,1304700.5956050288
239,6266871.026814628,11200000,4933128.973185372
2837,14297769.110181779,15200000,902230.8898182213
943,14109990.23124831,9500000,4609990.23124831
4224,9342048.10020603,7652000,1690048.1002060305
5360,6501652.660719974,5500000,1001652.660719974
1123,23373333.333333332,21000000,2373333.333333332
5165,19289383.782732043,22500000,3210616.2172679566
2883,10010178.009999927,13899999,3889820.990000073
3078,7997651.074656946,7700000,297651.07465694565
2890,3683455.589110312,2250000,1433455.589110312
870,4933952.499278735,5500000,566047.5007212646
3823,17730439.263657406,20900000,3169560.736342594
5134,9542671.734591357,7400000,2142671.7345913574
4422,15600507.147263842,14000000,1600507.1472638417
2543,13575455.124440314,16900000,3324544.8755596858
1073,7626305.024474168,6300000,1326305.0244741682
4949,3780866.9724096484,3779999,867.9724096483551
2427,13475312.595880998,16200000,2724687.4041190017
1238,41614722.221111104,15000000,26614722.221111104
2934,5418903.237686978,4850000,568903.2376869777
5719,2376392.195191448,2600000,223607.8048085519
5321,90451666.66666667,70000000,20451666.66666667
342,12875643.80952119,18600000,5724356.190478809
3733,17721220.6499381,15200000,2521220.649938099
4258,56927638.83888889,11800000,45127638.83888889
2615,15201647.918665802,14600000,601647.9186658021
2740,11112706.123211417,15000000,3887293.8767885827
5011,24046198.369186856,15500000,8546198.369186856
2513,5261777.023024038,4800000,461777.0230240384
2010,117116249.99953704,125000000,7883750.000462964
1885,5782275.775990699,3600000,2182275.7759906994
3196,19546530.16875223,26000000,6453469.831247769
1206,8334066.429522442,8600000,265933.5704775583
5823,30368995.43927058,38500000,8131004.560729422
691,15665488.095238095,16500000,834511.9047619049
582,26088835.960891917,27000000,911164.0391080827
5769,12932452.618044315,14600000,1667547.381955685
5767,25036321.40854967,22000000,3036321.40854967
5733,2384486.5127908452,2600000,215513.48720915476
792,11477384.674146028,21000000,9522615.325853972
5337,6501652.660719974,6000000,501652.66071997397
2103,2803828.697632422,2394000,409828.6976324222
3573,19443877.105736483,28500000,9056122.894263517
4958,2882826.34980025,2970000,87173.65019974997
1822,37948472.5218951,28000000,9948472.521895103
3769,29681041.300243948,27000000,2681041.3002439477
4229,5305060.590571584,5900000,594939.4094284158
3946,8725381.292217216,7100000,1625381.2922172155
2619,8135591.103548658,8100000,35591.10354865808
1926,60145550.82708587,72500000,12354449.172914132
2326,11323017.637237625,14000000,2676982.362762375
4220,8030667.14782508,10500000,2469332.85217492
1056,10259287.79570563,9000000,1259287.7957056295
2666,8240119.062204567,9500000,1259880.9377954332
5946,15611159.817179563,12000000,3611159.8171795625
2672,15070811.862199822,20200000,5129188.137800178
5933,3969193.617647934,3400000,569193.6176479338
1135,7684021.886715676,8009999,325977.1132843243
5212,4061503.2615858833,2400000,1661503.2615858833
3662,14482194.007469336,12000000,2482194.0074693356
4625,14055344.604687333,14500000,444655.3953126669
1326,6167890.1646926,8900000,2732109.8353073997
4075,4448950.264237997,5600000,1151049.7357620029
2274,28097493.95336418,30000000,1902506.0466358215
4543,4933952.499278735,5100000,166047.50072126463
694,13259189.51982577,10000000,3259189.5198257696
4758,13646201.221850423,13500000,146201.22185042314
3095,13405758.691470586,14000000,594241.3085294142
587,21546240.438498877,28500000,6953759.561501123
5895,7855841.550847421,7600000,255841.5508474214
3853,15606671.418650215,10200000,5406671.4186502155
3626,25423706.77870245,19500000,5923706.778702449
1501,10174308.729352957,6400000,3774308.7293529566
2223,48805555.413888894,35500000,13305555.413888894
2582,9987030.792681532,11000000,1012969.207318468
2089,4085487.7999599595,5200000,1114512.2000400405
5432,8475294.357485354,9000000,524705.642514646
5258,20643692.46796465,27500000,6856307.532035351
2478,7836112.816659047,6700000,1136112.8166590473
5356,11195385.573692495,11000000,195385.573692495
2147,17767312.72771013,19000000,1232687.2722898684
5644,16510380.339685462,13500000,3010380.3396854624
3135,24046198.369186856,22000000,2046198.3691868559
4029,41230705.15503359,45000000,3769294.8449664116
2579,10009675.722591793,15500000,5490324.277408207
881,25731887.20568908,17500000,8231887.20568908
1732,5643723.867253308,5300000,343723.8672533082
988,8514413.120708043,7500000,1014413.1207080428
1771,14821299.961313184,21800000,6978700.038686816
548,7509578.258568913,6700000,809578.2585689127
6186,12890062.324790865,13000000,109937.67520913482
5088,8099042.515946531,7500000,599042.5159465307
4072,4803030.620445728,2000000,2803030.6204457283
4674,4768376.321140955,3800000,968376.3211409552
4193,5467091.604432666,5999000,531908.3955673343
795,11467424.713707391,12500000,1032575.2862926088
3260,9028596.339553317,8500000,528596.339553317
5559,4960322.797674222,4163000,797322.7976742219
4277,6749507.751901319,5900000,849507.7519013193
4751,6671646.080142472,7800000,1128353.919857528
4643,7738972.928468029,6200000,1538972.928468029
4030,5690564.788337258,3950000,1740564.7883372577
763,44817358.88574091,70000000,25182641.114259087
3404,3965041.18420776,2064000,1901041.1842077598
3351,6620133.48733245,11000000,4379866.51266755
3808,13945083.927259568,18000000,4054916.072740432
592,14261735.954753155,15000000,738264.0452468451
5038,18930478.40865535,22799999,3869520.591344651
3369,3733610.521179477,3950000,216389.47882052278
4171,43302638.86342593,54000000,10697361.136574067
4616,3167524.665780345,2500000,667524.665780345
206,16309907.13052406,21400000,5090092.86947594
3069,10356064.40202303,10500000,143935.59797696956
3112,4330727.484389889,3800000,530727.484389889
6336,4137152.26493488,4250000,112847.7350651198
5049,18703749.31118164,22000000,3296250.6888183616
5526,5024191.6335978815,4600000,424191.63359788153
1710,61826666.666666664,30000000,31826666.666666664
3496,16601235.090407798,21400000,4798764.909592202
5377,31004166.666666668,32000000,995833.3333333321
102,5391086.345446591,5500000,108913.65455340873
589,14991145.241775068,19000000,4008854.7582249325
2067,5367511.736259826,5500000,132488.26374017354
1273,20078205.58669231,11500000,8578205.58669231
3408,5344053.851527285,3400000,1944053.8515272848
5252,8182298.753464121,8000000,182298.75346412137
4613,8193008.063484371,4785000,3408008.0634843707
2768,3448054.357577234,3372000,76054.35757723404
1457,21284571.815757804,15400000,5884571.815757804
2761,8965004.03856365,9500000,534995.9614363499
2216,6870677.60452035,3410000,3460677.6045203498
5981,3955096.4316015467,4100000,144903.5683984533
3039,35641045.188810155,57200000,21558954.811189845
5042,5313504.758222145,3800000,1513504.758222145
1463,12581867.272537667,12000000,581867.2725376673
5809,12597619.047619047,20299999,7702379.952380953
5827,7555074.275812153,7500000,55074.27581215277
958,5758960.052181411,6000000,241039.9478185894
2908,8190175.8723939825,7600000,590175.8723939825
4099,20686666.658333335,16200000,4486666.658333335
2019,18672893.78311075,19000000,327106.216889251
1470,14502681.744861675,20000000,5497318.255138325
1892,5832342.232847335,6497000,664657.7671526652
4964,4435276.953572461,3999000,436276.9535724614
192,2666188.6262495886,2000000,666188.6262495886
5330,10426528.889453989,5800000,4626528.8894539885
1453,11217002.121200023,6000000,5217002.121200023
3344,13320484.0808797,15500000,2179515.9191203006
3521,5781525.35721477,4600000,1181525.3572147703
4103,4377078.256069565,3185000,1192078.2560695652
6176,9168019.579482626,9500000,331980.42051737383
4411,2796635.309292294,2178000,618635.3092922941
3921,22832148.681321554,21500000,1332148.681321554
238,28889491.17863991,29000000,110508.82136008888
304,11669081.890664952,8500000,3169081.890664952
5513,17495931.399010345,15200000,2295931.3990103453
2408,67562500.0,70000000,2437500.0
2377,8101546.087607848,8100000,1546.087607848458
2776,30639952.16488048,17500000,13139952.16488048
2423,25409169.88195515,28000000,2590830.1180448495
3158,32134722.22222222,13100000,19034722.22222222
4158,11893737.257078268,13200000,1306262.7429217324
5084,21966167.77209219,16800000,5166167.77209219
4607,9753978.333961641,13500000,3746021.6660383586
1913,11420081.691905078,7300000,4120081.6919050775
1456,11222789.72197958,10500000,722789.7219795808
4499,12424964.711609717,6700000,5724964.711609717
5325,5751796.743844452,5100000,651796.7438444523
5117,19322606.255772933,21500000,2177393.7442270666
6129,5188343.482092856,5350000,161656.51790714357
783,21432085.063693635,32000000,10567914.936306365
2040,9891937.374230841,8000000,1891937.3742308412
392,5281863.908217041,4800000,481863.9082170408
3880,8096581.136562604,8000000,96581.13656260446
5636,25925649.306195248,22000000,3925649.306195248
4847,26097088.360057466,25800000,297088.36005746573
5259,14461102.86382618,26100000,11638897.13617382
5927,18736875.0,18200000,536875.0
280,11518536.234479647,17900000,6381463.765520353
1026,5687103.801394682,4500000,1187103.8013946824
557,14320990.957701815,16000000,1679009.0422981847
4597,7235741.96535046,9500000,2264258.0346495397
5750,2428780.531272364,2500000,71219.46872763615
1016,4640057.911320422,3300000,1340057.9113204218
2015,11927055.55826944,11000000,927055.5582694393
3665,3055184.5717579657,2779000,276184.5717579657
5040,20959781.48934011,18500000,2459781.4893401116
4040,11399798.635872027,10000000,1399798.635872027
2719,5094800.721621085,4099000,995800.721621085
4298,3399926.9454582473,2684000,715926.9454582473
846,5393022.988324753,5500000,106977.01167524699
779,6117645.3928020755,5100000,1017645.3928020755
5426,11323017.637237625,12000000,676982.3627623748
3979,6022981.824824834,6500000,477018.17517516576
931,12121663.197068727,15500000,3378336.8029312734
4593,6028584.998350806,9800000,3771415.0016491944
1564,6459635.5074913,5800000,659635.5074912999
5291,11172418.552844925,9800000,1372418.5528449249
1011,44003819.44444445,55000000,10996180.555555552
3219,12385770.502606442,17500000,5114229.497393558
2243,3603373.9086580477,2100000,1503373.9086580477
3402,3965041.18420776,2064000,1901041.1842077598
2236,21960374.42640113,25000000,3039625.573598869
4013,31212080.97149837,27500000,3712080.97149837
5713,2514184.410762756,2600000,85815.58923724387
4594,14156876.87700791,24000000,9843123.12299209
4631,16052262.367822515,16399999,347736.63217748515
4638,20959039.602422606,17500000,3459039.602422606
2198,2286594.9259142876,2650000,363405.07408571243
4746,5250751.219258572,5250000,751.2192585719749
3564,22654899.914949335,17500000,5154899.914949335
5193,19322606.255772933,21000000,1677393.7442270666
2948,4680108.5719403075,3500000,1180108.5719403075
1624,9818673.092466371,3700000,6118673.092466371
6027,18966543.550222628,20000000,1033456.4497773722
4462,5823415.206992301,5700000,123415.20699230116
3286,12283452.38095238,11900000,383452.3809523806
4600,10573810.140116097,11800000,1226189.8598839026
2197,2286594.9259142876,2600000,313405.07408571243
2347,7745394.197126587,8000000,254605.80287341308
6135,9921404.766495714,7800000,2121404.766495714
4477,11476930.522587873,13000000,1523069.477412127
1918,5841920.013366384,13000000,7158079.986633616
367,5383639.046769534,4000000,1383639.0467695342
804,34180138.88888889,35000000,819861.1111111119
3948,5482460.875985629,5100000,382460.8759856289
2623,12789042.87454143,9900000,2889042.87454143
6023,24957600.0,25000000,42400.0
566,5888593.233539669,3000000,2888593.233539669
4093,4085869.9227362317,4300000,214130.0772637683
2857,30027562.985919397,27500000,2527562.9859193973
1416,29137562.535026528,35000000,5862437.464973472
6120,11180063.2492495,11500000,319936.7507505007
507,7186727.807628971,5760000,1426727.8076289706
3683,15205551.785233757,16299999,1094447.2147662435
98,10448323.579586161,9500000,948323.5795861613
4145,11937664.711684864,11299999,637665.711684864
3816,11762348.835735267,6000000,5762348.835735267
1198,18998141.07743818,18000000,998141.0774381794
667,9603923.359703634,8725000,878923.3597036339
858,3536992.210681899,3800000,263007.789318101
246,24439334.216690194,27000000,2560665.783309806
6328,26959052.50577849,26500000,459052.5057784915
5572,21485934.909700166,18000000,3485934.9097001664
5229,10203441.300731707,6500000,3703441.3007317074
3689,44016178.563095234,49500000,5483821.436904766
1578,11244763.0755985,32500000,21255236.9244015
2639,5044891.433611683,6000000,955108.5663883174
6313,8374735.804483232,7500000,874735.8044832321
2397,4913716.388167623,5200000,286283.61183237657
3560,17960974.23386667,11900000,6060974.233866669
6127,5729467.016914689,7500000,1770532.983085311
6296,6924302.146417137,7500000,575697.8535828628
5393,16889491.943241943,24000000,7110508.056758057
5899,8057928.430731882,7800000,257928.43073188234
3961,9796138.76311973,8900000,896138.7631197292
556,11813328.960616358,10000000,1813328.9606163576
993,10927858.986220948,10000000,927858.9862209484
1669,19916361.42243361,70000000,50083638.577566385
5972,3551980.424657102,3300000,251980.4246571022
1626,10660263.750541724,7200000,3460263.7505417243
5154,11358159.760935498,12500000,1141840.2390645016
2815,38441666.666666664,40000000,1558333.3333333358
3407,6820008.444266076,2886000,3934008.444266076
5506,7881089.248782747,7100000,781089.2487827474
1297,2712534.3519425853,3200000,487465.6480574147
4236,16045854.736218918,25000000,8954145.263781082
5149,18237780.57947128,18500000,262219.42052872106
4699,5979244.31889837,4400000,1579244.3188983696
934,14980085.312612405,13500000,1480085.312612405
3075,6378898.4182912465,6400000,21101.58170875348
700,18115833.333333332,17000000,1115833.333333332
3155,8149022.498350806,4500000,3649022.4983508056
4863,7009421.349735992,8580000,1570578.650264008
5317,3345697.5819049566,2900000,445697.5819049566
3729,6802428.949163619,5760000,1042428.9491636194
5202,9995832.9247335,11500000,1504167.075266499
1081,8715820.713964444,10000000,1284179.2860355563
2610,34723537.82487292,25000000,9723537.824872918
5230,13529449.010016683,12000000,1529449.0100166835
850,6697378.43147686,7000000,302621.5685231397
3397,11438202.873401733,10500000,938202.8734017331
524,4194176.0262529976,3350000,844176.0262529976
2139,53426947.050000004,70000000,16573052.949999996
3347,9185561.29602745,9000000,185561.2960274499
2706,23175100.79623286,23500000,324899.20376713946
6180,11062636.870073467,10200000,862636.8700734675
4098,19164722.16388889,13000000,6164722.16388889
6157,11260989.733509837,8400000,2860989.7335098367
5213,47301756.88891418,51500000,4198243.111085817
5,33192105.55555556,17000000,16192105.55555556
2506,12588301.977334742,20000000,7411698.0226652585
5170,10108444.975319441,8500000,1608444.9753194414
1653,11233250.052197745,7500000,3733250.052197745
3812,32118446.359042145,36100000,3981553.6409578547
616,20435073.80027168,28200000,7764926.199728321
575,9253368.025978569,9600000,346631.97402143106
976,5735854.113110869,5300000,435854.1131108692
639,5425976.102781824,7000000,1574023.8972181762
1328,6306233.978847482,6000000,306233.97884748224
1958,3958894.811979743,4650000,691105.1880202568
1651,17246359.374268558,11000000,6246359.374268558
5738,2510503.850507626,2650000,139496.14949237416
4155,5222092.729600218,6663000,1440907.2703997819
1179,12146212.416466499,9200000,2946212.4164664987
288,4638381.044864508,2100000,2538381.0448645083
513,14858282.967398373,8100000,6758282.967398373
5066,34288055.55555555,34600000,311944.44444444776
987,14782520.694481885,9500000,5282520.694481885
432,6114206.166176702,2100000,4014206.166176702
